{"cameraMode":{"drawMode":0,"name":"Shaded","section":"Shading Mode"},"sceneLighting":true,"audioPlay":false,"sceneViewState":{"m_AlwaysRefresh":false,"showFog":true,"showSkybox":true,"showFlares":true,"showImageEffects":true,"showParticleSystems":true,"showVisualEffectGraphs":true,"m_FxEnabled":true},"in2DMode":false,"pivot":{"x":0.7009439468383789,"y":-145.9210968017578,"z":118.1786117553711},"rotation":{"x":0.4310796856880188,"y":-0.01894472725689411,"z":0.009067133069038391,"w":0.9020317196846008},"size":111.38257598876953,"orthographic":false}