{"cameraMode":{"drawMode":0,"name":"Shaded","section":"Shading Mode"},"sceneLighting":true,"audioPlay":false,"sceneViewState":{"m_AlwaysRefresh":false,"showFog":true,"showSkybox":true,"showFlares":true,"showImageEffects":true,"showParticleSystems":true,"showVisualEffectGraphs":true,"m_FxEnabled":true},"in2DMode":false,"pivot":{"x":8.722047805786133,"y":15.896204948425293,"z":-2.2812275886535646},"rotation":{"x":0.3926374614238739,"y":0.08396963775157929,"z":-0.03600459545850754,"w":0.9150870442390442},"size":4.001952648162842,"orthographic":false}