{"cameraMode":{"drawMode":0,"name":"Shaded","section":"Shading Mode"},"sceneLighting":true,"audioPlay":false,"sceneViewState":{"m_AlwaysRefresh":false,"showFog":true,"showSkybox":true,"showFlares":true,"showImageEffects":true,"showParticleSystems":true,"showVisualEffectGraphs":true,"m_FxEnabled":true},"in2DMode":false,"pivot":{"x":7.8597517013549809,"y":15.638298034667969,"z":-2.475663661956787},"rotation":{"x":0.41618576645851138,"y":0.012279795482754708,"z":-0.005595628637820482,"w":0.9091213345527649},"size":4.001952648162842,"orthographic":false}