{"cameraMode":{"drawMode":0,"name":"Shaded","section":"Shading Mode"},"sceneLighting":false,"audioPlay":false,"sceneViewState":{"m_AlwaysRefresh":false,"showFog":true,"showSkybox":false,"showFlares":true,"showImageEffects":true,"showParticleSystems":true,"showVisualEffectGraphs":true,"m_FxEnabled":true},"in2DMode":false,"pivot":{"x":-4.466452598571777,"y":8.721750259399414,"z":2.3849849700927736},"rotation":{"x":0.19286519289016725,"y":0.28242143988609316,"z":-0.058055128902196887,"w":0.9378477931022644},"size":6.177230358123779,"orthographic":false}